INSERT INTO `autor` (`id`, `nome`) VALUES (1, 'José Martiniano de Alencar'),
(2, 'João Paulo Emílio Cristovão dos Santos Coelho Barreto'),
(3, 'Artur Nabantino Gonçalves de Azevedo'),
(4, 'José Carlos do Patrocínio'),
(5, 'Júlio César Ribeiro Vaughan'),
(6, 'João Faras'),
(7, 'Roberto Luís Eduardo Ribeiro Gomes'),
(8, 'Tomás Antônio Gonzaga'),
(9, 'Henrique Maximiliano Coelho Neto'),
(10, 'Manuel Carneiro de Sousa Bandeira Filho'),
(11, 'José Basílio da Gama'),
(12, 'Bernardo Joaquim da Silva Guimarães'),
(13, 'Júlia Lopes de Almeida'),
(14, 'Joaquim Maria Machado de Assis'),
(15, 'Manuel Botelho de Oliveira'),
(16, 'Joaquim José da França Júnior'),
(17, 'Joaquim Manuel de Macedo'),
(18, 'Emília Moncorvo Bandeira de Melo'),
(19, 'Euclides Rodrigues Pimenta da Cunha'),
(20, 'Paulo Setúbal de Oliveira'),
(21, 'Aluísio Tancredo Gonçalves de Azevedo'),
(22, 'Adolfo Ferreira Caminha'),
(23, 'Alfredo d''Escragnolle Taunay'),
(24, 'Humberto de Campos Veras'),
(25, 'Manuel de Araújo Porto-Alegre'),
(26, 'Sem autoria ou autor anônimo'),
(27, 'Manuel Inácio da Silva Alvarenga'),
(28, 'Luís Carlos Martins Pena'),
(29, 'Raul de Ávila Pompéia'),
(30, 'Casimiro José Marques de Abreu'),
(31, 'José Joaquim de Campos Leão'),
(32, 'José de Anchieta'),
(33, 'Antônio Castilho de Alcântara Machado d''Oliveira'),
(34, 'João da Cruz e Sousa'),
(35, 'Joaquim Aurélio Barreto Nabuco de Araújo'),
(36, 'Dom Dinis'),
(37, 'Martim Codax'),
(38, 'Antônio Gonçalves Dias'),
(39, 'João Capistrano de Abreu'),
(40, 'José de Santa Rita Durão Frei'),
(41, 'Murilo Araújo'),
(42, 'Pero Vaz de Caminha'),
(43, 'Luís Joaquim dos Santos Marrocos'),
(44, 'João Simões Lopes Neto'),
(45, 'Afonso Henriques de Lima Barreto'),
(46, 'Antônio Vieira'),
(47, 'Mariano José Pereira da Fonseca'),
(48, 'Olavo Brás Martins dos Guimarães Bilac'),
(49, 'Luís Caetano Pereira Guimarães Júnior'),
(50, 'Antônio Rodrigues'),
(51, 'Cláudio Manuel da Costa'),
(52, 'José Antônio Andreoni'),
(53, 'José Rodrigues de Melo'),
(54, 'Prudêncio do Amaral'),
(55, 'Ambrósio Fernandes Brandão'),
(56, 'Joaquim Norberto de Sousa e Silva'),
(57, 'Domingos José Gonçalves de Magalhães'),
(58, 'Manuel de Oliveira Paiva'),
(59, 'Manuel Odorico Mendes'),
(60, 'Francisco Adolfo de Varnhagen'),
(61, 'Antônio Frederico de Castro Alves'),
(62, 'Augusto de Carvalho Rodrigues dos Anjos'),
(63, 'Manuel de Santa Maria Itaparica'),
(64, 'Antônio Valentim da Costa Magalhães'),
(65, 'Licurgo José Henrique de Paiva'),
(66, 'Jean de Léry'),
(67, 'Pedro Taques de Almeida Pais Leme'),
(68, 'Afonso d''Escragnolle Taunay'),
(69, 'José Veríssimo Dias de Matos'),
(70, 'Sílvio Vasconcelos da Silveira Ramos Romero'),
(71, 'Pero de Magalhães Gândavo'),
(72, 'Tristão de Alencar Araripe'),
(73, 'Vicente do Salvador'),
(74, 'Alberto Figueiredo Pimentel'),
(75, 'Manuel Antônio Álvares de Azevedo'),
(76, 'Isaac de Nínive'),
(77, 'Bruno Henrique de Almeida Seabra'),
(78, 'Raul de Leôni Ramos'),
(79, 'Domingos Olímpio Braga Cavalcânti'),
(80, 'Lindolfo Jacinto Rocha'),
(81, 'Teresa Margarida da Silva e Orta'),
(82, 'Amadeu Ataliba Arruda Amaral Leite Penteado'),
(83, 'Manuel Antônio de Almeida'),
(84, 'Manuel de Oliveira Lima'),
(85, 'Luís Nicolau Fagundes Varela'),
(86, 'Francisco Moreira Sampaio'),
(87, 'João Franklin da Silveira Távora'),
(88, 'João Carlos de Medeiros Pardal Mallet'),
(89, 'Herculano Marcos Inglês de Sousa'),
(90, 'Antônio Manuel Policarpo da Silva'),
(91, 'Alberto Santos-Dumont'),
(92, 'Joaquim José da Silva'),
(93, 'João Guimarães Rosa'),
(94, 'Apolinário José Gomes Porto Alegre'),
(95, 'Emílio de Menezes'),
(96, 'Gregório de Matos Guerra'),
(97, 'Inácio José de Alvarenga Peixoto'),
(98, 'Rui Barbosa de Oliveira'),
(99, 'José Cândido de Lacerda Coutinho'),
(100, 'Afonso Arinos de Melo Franco'),
(101, 'Domingos Caldas Barbosa'),
(102, 'João Gualberto Ferreira dos Santos Reis'),
(103, 'Laurindo José da Silva Rabelo'),
(104, 'Luiz Gonzaga Pinto da Gama'),
(105, 'Bento Teixeira'),
(106, 'Anônimo - autoria desconhecida'),
(107, 'Jean-Ferdinand Denis'),
(108, 'Antônio José da Silva'),
(109, 'Sebastião Cícero dos Guimarães Passos'),
(110, 'Gonçalo Anes');

INSERT INTO `escreveu` (`idlivro`, `idautor`) VALUES (1, 1),
(2, 2),
(3, 3),
(4, 2),
(5, 4),
(6, 3),
(7, 5),
(8, 6),
(9, 7),
(10, 3),
(11, 8),
(12, 9),
(13, 10),
(14, 11),
(15, 12),
(16, 13),
(17, 3),
(18, 14),
(19, 15),
(20, 14),
(21, 13),
(22, 3),
(23, 11),
(24, 16),
(25, 17),
(26, 18),
(27, 14),
(28, 14),
(29, 19),
(30, 20),
(31, 14),
(32, 17),
(33, 21),
(34, 14),
(35, 22),
(36, 1),
(37, 3),
(38, 14),
(39, 3),
(40, 3),
(41, 2),
(42, 23),
(43, 14),
(44, 24),
(45, 19),
(46, 14),
(47, 13),
(48, 1),
(49, 3),
(50, 20),
(51, 14),
(52, 14),
(53, 16),
(54, 17),
(55, 3),
(56, 25),
(57, 14),
(58, 14),
(59, 14),
(60, 17),
(61, 1),
(62, 23),
(63, 26),
(64, 27),
(65, 1),
(66, 28),
(67, 16),
(68, 14),
(69, 29),
(70, 20),
(71, 17),
(72, 30),
(73, 31),
(74, 2),
(75, 17),
(76, 14),
(77, 32),
(78, 14),
(79, 14),
(80, 22),
(81, 14),
(82, 33),
(83, 14),
(84, 34),
(85, 16),
(86, 35),
(87, 36),
(88, 37),
(89, 11),
(90, 38),
(91, 12),
(92, 19),
(93, 39),
(94, 40),
(95, 30),
(96, 41),
(97, 42),
(98, 8),
(99, 43),
(100, 21),
(101, 14),
(102, 44),
(103, 45),
(104, 1),
(105, 14),
(106, 45),
(107, 46),
(108, 47),
(109, 1),
(110, 16),
(111, 14),
(112, 8),
(113, 29),
(114, 14),
(115, 3),
(116, 44),
(117, 48),
(118, 49),
(119, 19),
(120, 14),
(121, 50),
(122, 14),
(123, 14),
(124, 51),
(125, 52),
(126, 14),
(127, 32),
(128, 32),
(129, 46),
(130, 53),
(131, 54),
(132, 14),
(133, 21),
(134, 2),
(135, 14),
(136, 55),
(137, 14),
(138, 19),
(139, 45),
(140, 56),
(141, 16),
(142, 57),
(143, 1),
(144, 14),
(145, 16),
(146, 14),
(147, 58),
(148, 14),
(149, 1),
(150, 14),
(151, 59),
(152, 60),
(153, 3),
(154, 16),
(155, 51),
(156, 11),
(157, 14),
(158, 61),
(159, 62),
(160, 62),
(161, 63),
(162, 14),
(163, 34),
(164, 14),
(165, 14),
(166, 21),
(167, 14),
(168, 64),
(169, 65),
(170, 19),
(171, 14),
(172, 3),
(173, 21),
(174, 11),
(175, 24),
(176, 1),
(177, 14),
(178, 3),
(179, 66),
(180, 67),
(181, 68),
(182, 56),
(183, 69),
(184, 70),
(185, 71),
(186, 14),
(187, 14),
(188, 72),
(189, 73),
(190, 46),
(191, 3),
(192, 74),
(193, 14),
(194, 45),
(195, 12),
(196, 14),
(197, 14),
(198, 14),
(199, 16),
(200, 23),
(201, 1),
(202, 14),
(203, 33),
(204, 44),
(205, 11),
(206, 38),
(207, 14),
(208, 75),
(209, 13),
(210, 76),
(211, 21),
(212, 14),
(213, 1),
(214, 77),
(215, 17),
(216, 78),
(217, 79),
(218, 75),
(219, 1),
(220, 16),
(221, 33),
(222, 9),
(223, 45),
(224, 80),
(225, 8),
(226, 21),
(227, 81),
(228, 14),
(229, 16),
(230, 14),
(231, 82),
(232, 17),
(233, 21),
(234, 83),
(235, 14),
(236, 14),
(237, 35),
(238, 34),
(239, 21),
(240, 9),
(241, 4),
(242, 84),
(243, 14),
(244, 51),
(245, 14),
(246, 14),
(247, 14),
(248, 22),
(249, 75),
(250, 14),
(251, 85),
(252, 3),
(253, 82),
(254, 33),
(255, 45),
(256, 14),
(257, 14),
(258, 14),
(259, 14),
(260, 29),
(261, 3),
(262, 3),
(263, 3),
(264, 86),
(265, 14),
(266, 24),
(267, 70),
(268, 87),
(269, 3),
(270, 14),
(271, 14),
(272, 14),
(273, 14),
(274, 14),
(275, 14),
(276, 14),
(277, 21),
(278, 21),
(279, 1),
(280, 16),
(281, 1),
(282, 27),
(283, 82),
(284, 28),
(285, 3),
(286, 12),
(287, 11),
(288, 1),
(289, 12),
(290, 3),
(291, 14),
(292, 88),
(293, 48),
(294, 1),
(295, 12),
(296, 1),
(297, 1),
(298, 86),
(299, 3),
(300, 21),
(301, 88),
(302, 21),
(303, 28),
(304, 28),
(305, 3),
(306, 3),
(307, 87),
(308, 89),
(309, 17),
(310, 2),
(311, 24),
(312, 21),
(313, 28),
(314, 28),
(315, 14),
(316, 14),
(317, 14),
(318, 51),
(319, 14),
(320, 90),
(321, 17),
(322, 20),
(323, 14),
(324, 1),
(325, 91),
(326, 14),
(327, 14),
(328, 3),
(329, 20),
(330, 87),
(331, 92),
(332, 12),
(333, 1),
(334, 20),
(335, 45),
(336, 16),
(337, 21),
(338, 3),
(339, 14),
(340, 93),
(341, 11),
(342, 94),
(343, 62),
(344, 34),
(345, 19),
(346, 95),
(347, 51),
(348, 8),
(349, 14),
(350, 96),
(351, 38),
(352, 97),
(353, 98),
(354, 14),
(355, 11),
(356, 11),
(357, 11),
(358, 14),
(359, 19),
(360, 14),
(361, 98),
(362, 14),
(363, 45),
(364, 11),
(365, 28),
(366, 14),
(367, 28),
(368, 17),
(369, 61),
(370, 28),
(371, 20),
(372, 25),
(373, 3),
(374, 14),
(375, 4),
(376, 19),
(377, 38),
(378, 27),
(379, 14),
(380, 14),
(381, 99),
(382, 14),
(383, 14),
(384, 38),
(385, 77),
(386, 100),
(387, 19),
(388, 14),
(389, 14),
(390, 101),
(391, 12),
(392, 48),
(393, 48),
(394, 12),
(395, 102),
(396, 103),
(397, 12),
(398, 75),
(399, 51),
(400, 14),
(401, 104),
(402, 38),
(403, 105),
(404, 14),
(405, 14),
(406, 28),
(407, 14),
(408, 14),
(409, 14),
(410, 14),
(411, 11),
(412, 45),
(413, 106),
(414, 14),
(415, 17),
(416, 14),
(417, 107),
(418, 17),
(419, 14),
(420, 38),
(421, 1),
(422, 46),
(423, 14),
(424, 51),
(425, 1),
(426, 57),
(427, 48),
(428, 108),
(429, 31),
(430, 16),
(431, 22),
(432, 14),
(433, 1),
(434, 1),
(435, 16),
(436, 14),
(437, 71),
(438, 109),
(439, 48),
(440, 14),
(441, 14),
(442, 45),
(443, 110),
(444, 14),
(445, 9),
(446, 1),
(447, 38),
(448, 34),
(449, 14),
(450, 14),
(451, 14),
(452, 14),
(453, 14),
(454, 14),
(455, 20),
(456, 14),
(457, 14),
(458, 21),
(459, 14),
(460, 14),
(461, 17),
(462, 29),
(463, 3),
(464, 14),
(465, 14),
(466, 1),
(467, 3),
(468, 45),
(469, 51);

INSERT INTO `livro` (`id`, `titulo`, `exemplares`, `genero`, `ano`) VALUES (1, 'A Alma do Lázaro', 1, 'Romance e Novela', 1873),
(2, 'A Alma Encantadora das Ruas', 1, 'Crônicas e textos humorísticos', 1908),
(3, 'A Almanjarra', 1, 'Teatro', 1888),
(4, 'A Bela Madame Vargas', 1, 'Teatro', 1912),
(5, 'A Campanha Abolicionista', 1, 'Outros', 1996),
(6, 'A Capital Federal', 1, 'Teatro', 1897),
(7, 'A Carne', 1, 'Romance e Novela', 1888),
(8, 'A Carta do Mestre João Faras', 1, 'Literatura de viagens e informativa', 1843),
(9, 'A Casa fechada', 1, 'Teatro', 1947),
(10, 'A Casadinha de Fresco', 1, 'Teatro', 1876),
(11, 'A Conceição', 1, 'Poesia', 1995),
(12, 'A Conquista', 1, 'Romance e Novela', 1899),
(13, 'A Cópula', 1, 'Poesia', 1986),
(14, 'A Declamação Trágica', 1, 'Poesia', 1772),
(15, 'A Escrava Isaura', 1, 'Romance e Novela', 1875),
(16, 'A Falência', 1, 'Romance e Novela', 1901),
(17, 'A Filha de Maria Angu', 1, 'Teatro', 1876),
(18, 'A Herança', 1, 'Conto', 1878),
(19, 'À Ilha de Maré', 1, 'Poesia', 1705),
(20, 'A Inglezinha Barcelos', 1, 'Conto', 1894),
(21, 'A Intrusa', 1, 'Romance e Novela', 1905),
(22, 'A Jóia', 1, 'Teatro', 1879),
(23, 'A Liberdade, do Senhor Pedro Metastásio poeta cesáreo.', 1, 'Tradução', 0),
(24, 'A Lotação dos Bondes', 1, 'Teatro', 1885),
(25, 'A Luneta Mágica', 1, 'Romance e Novela', 1868),
(26, 'A Luta', 1, 'Romance e Novela', 1911),
(27, 'A Mágoa do infeliz Cosme', 1, 'Conto', 1875),
(28, 'A Mão e a Luva', 1, 'Romance e Novela', 1874),
(29, 'À Margem da História', 1, 'Outros', 1909),
(30, 'A Marquesa de Santos', 1, 'Romance e Novela', 1925),
(31, 'A Melhor das noivas', 1, 'Conto', 1877),
(32, 'A Moreninha', 1, 'Romance e Novela', 1844),
(33, 'A Mortalha de Alzira', 1, 'Romance e Novela', 1891),
(34, 'A Mulher pálida', 1, 'Conto', 1881),
(35, 'A Normalista', 1, 'Romance e Novela', 1891),
(36, 'A Pata da Gazela', 1, 'Romance e Novela', 1870),
(37, 'A Pele do Lobo', 1, 'Teatro', 1877),
(38, 'A Pianista', 1, 'Conto', 1866),
(39, 'À Porta da Botica', 1, 'Teatro', 1983),
(40, 'A Princesa dos Cajueiros', 1, 'Teatro', 1880),
(41, 'A Profissão de Jacques Pedreira', 1, 'Romance e Novela', 1910),
(42, 'A Retirada da Laguna', 1, 'Memórias', 1874),
(43, 'A Semana', 1, 'Crônicas e textos humorísticos', 1892),
(44, 'A Serpente de bronze', 1, 'Conto', 1921),
(45, 'A Verdade e o erro', 1, 'Outros', 1909),
(46, 'A Vida eterna', 1, 'Conto', 1870),
(47, 'A Viúva Simões', 1, 'Romance e Novela', 1895),
(48, 'A Viuvinha', 1, 'Romance e Novela', 1857),
(49, 'Abel, Helena', 1, 'Teatro', 1877),
(50, 'Alma Cabocla', 1, 'Poesia', 1920),
(51, 'Almas agradecidas', 1, 'Conto', 1871),
(52, 'Americanas', 1, 'Poesia', 1875),
(53, 'Amor com Amor se Paga', 1, 'Teatro', 1871),
(54, 'Amor e pátria', 1, 'Teatro', 1863),
(55, 'Amor por Anexins', 1, 'Teatro', 1879),
(56, 'Angélica e Firmino', 1, 'Teatro', 1845),
(57, 'Antes a rocha Tapéia', 1, 'Conto', 1887),
(58, 'Antes da missa', 1, 'Teatro', 1878),
(59, 'Antes que cases', 1, 'Conto', 1875),
(60, 'Antonica da Silva', 1, 'Teatro', 1873),
(61, 'Ao Correr da Pena', 1, 'Crônicas e textos humorísticos', 1854),
(62, 'Ao Entardecer', 1, 'Conto', 1901),
(63, 'Arte de trovar', 1, 'Crítica, teoria e história literárias', 1875),
(64, 'Às Artes', 1, 'Poesia', 1788),
(65, 'As Asas de um Anjo', 1, 'Teatro', 1860),
(66, 'As Casadas Solteiras', 1, 'Teatro', 1845),
(67, 'As Doutoras', 1, 'Teatro', 1932),
(68, 'As Forcas caudinas', 1, 'Teatro', 1906),
(69, 'As Jóias da Coroa', 1, 'Romance e Novela', 1882),
(70, 'As Maluquices do imperador', 1, 'Crônicas e textos humorísticos', 1927),
(71, 'As Mulheres de Mantilha', 1, 'Romance e Novela', 1870),
(72, 'As Primaveras', 1, 'Poesia', 1859),
(73, 'As Relações Naturais', 1, 'Teatro', 1969),
(74, 'As Religiões no Rio', 1, 'Outros', 1906),
(75, 'As Vítimas Algozes', 1, 'Romance e Novela', 1869),
(76, 'Astúcias de marido', 1, 'Conto', 1886),
(77, 'Auto representado na Festa de São Lourenço', 1, 'Teatro', 1583),
(78, 'Ayres e Vergueiro', 1, 'Conto', 1871),
(79, 'Balas de estalo', 1, 'Crônicas e textos humorísticos', 1886),
(80, 'Bom Crioulo', 1, 'Romance e Novela', 1895),
(81, 'Bons dias!', 1, 'Crônicas e textos humorísticos', 1888),
(82, 'Brás, Bexiga e Barra Funda', 1, 'Conto', 1927),
(83, 'Brincar com fogo', 1, 'Conto', 1875),
(84, 'Broquéis', 1, 'Poesia', 1893),
(85, 'Caiu o Ministério!', 1, 'Teatro', 1883),
(86, 'Camões', 1, 'Crítica, teoria e história literárias', 1880),
(87, 'Cancioneiro d''El Rei D. Dinis, pela primeira vez impresso sobre o manuscrito da Vaticana', 1, 'Poesia', 1847),
(88, 'Cantigas de Martim Codax', 1, 'Poesia', 1875),
(89, 'Canto único por José Basílio da Gama ao Marquês de Pombal', 1, 'Poesia', 1829),
(90, 'Cantos', 1, 'Poesia', 1857),
(91, 'Cantos da solidão', 1, 'Poesia', 1852),
(92, 'Canudos e Inéditos', 1, 'Outros', 1967),
(93, 'Capítulos de História Colonial', 1, 'Outros', 1907),
(94, 'Caramuru', 1, 'Poesia', 1781),
(95, 'Carolina', 1, 'Romance e Novela', 1856),
(96, 'Carrilhões', 1, 'Poesia', 1917),
(97, 'Carta a El-Rei D. Manuel', 1, 'Literatura de viagens e informativa', 1500),
(98, 'Cartas Chilenas', 1, 'Poesia', 1845),
(99, 'Cartas de Luís Joaquim dos Santos Marrocos', 1, 'Epistolografia', 1939),
(100, 'Casa de Pensão', 1, 'Romance e Novela', 1883),
(101, 'Casa Velha', 1, 'Romance e Novela', 1944),
(102, 'Casos do Romualdo', 1, 'Conto', 1952),
(103, 'Cemitério dos Vivos', 1, 'Memórias', 1953),
(104, 'Cinco Minutos', 1, 'Romance e Novela', 1857),
(105, 'Cinco mulheres', 1, 'Conto', 1865),
(106, 'Clara dos Anjos', 1, 'Romance e Novela', 1923),
(107, 'Clavis prophetarum', 1, 'Outros', 1953),
(108, 'Coleção Completa de Máximas, Pensamentos e Reflexões do Marquês de Maricá', 1, 'Epigramas, pensamentos e provérbios', 1846),
(109, 'Como e Por Que Sou Romancista', 1, 'Crítica, teoria e história literárias', 1893),
(110, 'Como se Fazia um Deputado', 1, 'Teatro', 1882),
(111, 'Como se inventaram os almanaques', 1, 'Conto', 1890),
(112, 'Congratulação com o povo português na feliz aclamação da muito alta e muito poderosa soberana d. Mar', 1, 'Poesia', 1777),
(113, 'Contos', 1, 'Conto', 1981),
(114, 'Contos Fluminenses', 1, 'Conto', 1872),
(115, 'Contos fora da Moda', 1, 'Conto', 1894),
(116, 'Contos Gauchescos', 1, 'Conto', 1912),
(117, 'Contos para Velhos', 1, 'Conto', 1897),
(118, 'Contos sem pretenção', 1, 'Conto', 1872),
(119, 'Contrastes e Confrontos', 1, 'Crônicas e textos humorísticos', 1907),
(120, 'Conversão de um avaro', 1, 'Conto', 1878),
(121, 'Cópia de Uma Carta do Irmão Antônio Rodrigues para os Irmãos de Coimbra', 1, 'Epistolografia', 1553),
(122, 'Correspondência de Machado de Assis', 1, 'Epistolografia', 1932),
(123, 'Crisálidas', 1, 'Poesia', 1864),
(124, 'Culto Métrico', 1, 'Poesia', 1749),
(125, 'Cultura e Opulência do Brasil, por Suas Drogas e Minas', 1, 'Literatura de viagens e informativa', 1711),
(126, 'D. Mônica', 1, 'Conto', 1876),
(127, 'De Compassione et planctu Virginis in morte Filii', 1, 'Poesia', 0),
(128, 'De Gestis Mendi de Saa', 1, 'Poesia', 1563),
(129, 'De Profecia e Inquisição', 1, 'Discursos e sermões (textos doutrinários e moralizantes)', 1998),
(130, 'De rusticis rebus brasilicis', 1, 'Poesia', 1798),
(131, 'De sacchari opificio carmen', 1, 'Poesia', 1798),
(132, 'Decadência de dois grandes homens', 1, 'Conto', 1873),
(133, 'Demônios', 1, 'Conto', 1893),
(134, 'Dentro da Noite', 1, 'Conto', 1910),
(135, 'Desencantos', 1, 'Teatro', 1861),
(136, 'Diálogos das Grandezas do Brasil', 1, 'Literatura de viagens e informativa', 1618),
(137, 'Diana', 1, 'Conto', 1866),
(138, 'Diário de uma expedição', 1, 'Outros', 1939),
(139, 'Diário Íntimo', 1, 'Memórias', 1953),
(140, 'Dirceu de Marilia. Liras atribuídas à sra. D. M. J. D. de S. (Natural de Villa Rica) ...', 1, 'Poesia', 1845),
(141, 'Direito por Linhas Tortas', 1, 'Teatro', 1871),
(142, 'Discurso sobre a História da Literatura do Brasil', 1, 'Crítica, teoria e história literárias', 1836),
(143, 'Diva', 1, 'Romance e Novela', 1856),
(144, 'Dívida extinta', 1, 'Conto', 1878),
(145, 'Dois Proveitos em um Saco', 1, 'Teatro', 1883),
(146, 'Dom Casmurro', 1, 'Romance e Novela', 1899),
(147, 'Dona Guidinha do Poço', 1, 'Romance e Novela', 1952),
(148, 'Elogio da vaidade', 1, 'Conto', 1878),
(149, 'Encarnação', 1, 'Romance e Novela', 1877),
(150, 'Encher tempo', 1, 'Conto', 1876),
(151, 'Eneida Brasileira ou Tradução Poética da Epopéia de Públio Virgílio Maro', 1, 'Tradução', 1854),
(152, 'Ensaio Histórico sobre as Letras do Brasil', 1, 'Crítica, teoria e história literárias', 1847),
(153, 'Entre a missa e o almoço', 1, 'Teatro', 1929),
(154, 'Entrei para o Clube Jácome', 1, 'Teatro', 1887),
(155, 'Epicédio Consagrado à Saudosa Memória do Reverendíssimo Senhor Frei Gaspar da Encarnação', 1, 'Poesia', 1753),
(156, 'Epitalâmio da Excelentíssima Senhora D. Maria Amália', 1, 'Poesia', 1769),
(157, 'Esaú e Jacó', 1, 'Romance e Novela', 1904),
(158, 'Espumas Flutuantes', 1, 'Poesia', 1870),
(159, 'Eu', 1, 'Poesia', 1912),
(160, 'Eu e Outras Poesias', 1, 'Poesia', 1920),
(161, 'Eustáquidos', 1, 'Poesia', 1769),
(162, 'Falenas', 1, 'Poesia', 1870),
(163, 'Faróis', 1, 'Poesia', 1900),
(164, 'Felicidade pelo casamento', 1, 'Conto', 1866),
(165, 'Fernando e Fernanda', 1, 'Conto', 1866),
(166, 'Filomena Borges', 1, 'Romance e Novela', 1884),
(167, 'Filosofia de um par de botas', 1, 'Conto', 1878),
(168, 'Flor de Sangue', 1, 'Romance e Novela', 1897),
(169, 'Flores da Noite', 1, 'Poesia', 1866),
(170, 'Fragmentos', 1, 'Miscelânea', 1902),
(171, 'Francisca', 1, 'Conto', 1867),
(172, 'Fritzmack', 1, 'Teatro', 1889),
(173, 'Fritzmack', 1, 'Teatro', 1889),
(174, 'Glosa à quadra do Duque de Lafões', 1, 'Poesia', 1814),
(175, 'Grãos de Mostarda', 1, 'Conto', 1926),
(176, 'Guerra dos Mascates', 1, 'Romance e Novela', 1871),
(177, 'Helena', 1, 'Romance e Novela', 1876),
(178, 'Herói à Força', 1, 'Teatro', 1886),
(179, 'Histoire d''un voyage faict en la terre du Brésil autrement dite Amérique', 1, 'Literatura de viagens e informativa', 1578),
(180, 'História da Capitania de São Vicente', 1, 'Outros', 1847),
(181, 'História da Cidade de São Paulo', 1, 'Outros', 1954),
(182, 'História da Conjuração Mineira', 1, 'Outros', 1860),
(183, 'História da Literatura Brasileira', 1, 'Crítica, teoria e história literárias', 1916),
(184, 'Historia da Literatura Brasileira : 1500-1830', 1, 'Crítica, teoria e história literárias', 1902),
(185, 'História da Província Santa Cruz, a que Vulgarmente Chamamos Brasil', 1, 'Literatura de viagens e informativa', 1576),
(186, 'História de quinze dias', 1, 'Crônicas e textos humorísticos', 1876),
(187, 'História de uma lágrima', 1, 'Conto', 1867),
(188, 'História de uma Viagem Feita à Terra do Brasil', 1, 'Tradução', 1889),
(189, 'História do Brasil', 1, 'Outros', 1889),
(190, 'História do futuro', 1, 'Outros', 1718),
(191, 'Histórias Brejeiras', 1, 'Conto', 1962),
(192, 'Histórias da avozinha', 1, 'Conto', 1952),
(193, 'Histórias da Meia-Noite', 1, 'Conto', 1873),
(194, 'Histórias e Sonhos', 1, 'Conto', 1920),
(195, 'Histórias e tradições da Província de Minas Gerais', 1, 'Conto', 1867),
(196, 'Histórias sem Data', 1, 'Conto', 1884),
(197, 'Hoje Avental, Amanhã Luva', 1, 'Teatro', 1861),
(198, 'Iaiá Garcia', 1, 'Romance e Novela', 1878),
(199, 'Ingleses na Costa', 1, 'Teatro', 1864),
(200, 'Inocência', 1, 'Romance e Novela', 1872),
(201, 'Iracema', 1, 'Romance e Novela', 1865),
(202, 'João Fernandes', 1, 'Conto', 1894),
(203, 'Laranja da China', 1, 'Conto', 1928),
(204, 'Lendas do Sul', 1, 'Conto', 1913),
(205, 'Lenitivo da Saudade', 1, 'Poesia', 1788),
(206, 'Leonor de Mendonça', 1, 'Teatro', 1957),
(207, 'Lição de Botânica', 1, 'Teatro', 1910),
(208, 'Lira dos Vinte Anos', 1, 'Poesia', 1853),
(209, 'Livro das donas e donzelas', 1, 'Crônicas e textos humorísticos', 1906),
(210, 'Livro de Isaac de Nínive', 1, 'Discursos e sermões (textos doutrinários e moralizantes)', 0),
(211, 'Livro de uma Sogra', 1, 'Romance e Novela', 1895),
(212, 'Longe dos olhos...', 1, 'Conto', 1876),
(213, 'Lucíola', 1, 'Romance e Novela', 1862),
(214, 'Lucrécias', 1, 'Poesia', 0),
(215, 'Luxo e vaidade', 1, 'Teatro', 1860),
(216, 'Luz Mediterranea', 1, 'Poesia', 1928),
(217, 'Luzia-Homem', 1, 'Romance e Novela', 1903),
(218, 'Macário', 1, 'Teatro', 1941),
(219, 'Mãe', 1, 'Teatro', 1862),
(220, 'Maldita Parentela', 1, 'Teatro', 0),
(221, 'Mana Maria', 1, 'Romance e Novela', 1936),
(222, 'Mano', 1, 'Conto', 1924),
(223, 'Marginália', 1, 'Crônicas e textos humorísticos', 1953),
(224, 'Maria Dusá', 1, 'Romance e Novela', 1910),
(225, 'Marília de Dirceu', 1, 'Poesia', 1792),
(226, 'Mattos, Malta ou Matta?', 1, 'Romance e Novela', 1885),
(227, 'Máximas de virtude, e formosura', 1, 'Romance e Novela', 1752),
(228, 'Médico é remédio', 1, 'Conto', 1883),
(229, 'Meia Hora de Cinismo', 1, 'Teatro', 1861),
(230, 'Memorial de Aires', 1, 'Romance e Novela', 1908),
(231, 'Memorial de um Passageiro de Bonde', 1, 'Romance e Novela', 1938),
(232, 'Memórias da Rua do Ouvidor', 1, 'Crônicas e textos humorísticos', 1878),
(233, 'Memórias de um Condenado', 1, 'Romance e Novela', 1882),
(234, 'Memórias de um Sargento de Milícias', 1, 'Romance e Novela', 1853),
(235, 'Memórias Póstumas de Brás Cubas', 1, 'Romance e Novela', 1880),
(236, 'Metafísica das rosas', 1, 'Conto', 1883),
(237, 'Minha Formação', 1, 'Memórias', 1900),
(238, 'Missal', 1, 'Poesia', 1893),
(239, 'Mistério da Tijuca', 1, 'Romance e Novela', 1882),
(240, 'Mistério do Natal', 1, 'Conto', 1911),
(241, 'Mota Coqueiro', 1, 'Romance e Novela', 1877),
(242, 'Movimento da Independência, 1821-1822', 1, 'Outros', 1921),
(243, 'Muitos anos depois', 1, 'Conto', 1874),
(244, 'Munúsculo Métrico', 1, 'Poesia', 1751),
(245, 'Não Consultes Médico', 1, 'Teatro', 1910),
(246, 'Não é mel para a boca do asno', 1, 'Conto', 1868),
(247, 'Nem uma nem outra', 1, 'Conto', 1873),
(248, 'No País dos Yankees', 1, 'Memórias', 1894),
(249, 'Noite na Taverna', 1, 'Conto', 1886),
(250, 'Notas semanais', 1, 'Crônicas e textos humorísticos', 1878),
(251, 'Noturnas', 1, 'Poesia', 1861),
(252, 'Nova viagem à Lua', 1, 'Teatro', 1877),
(253, 'Novela e Conto', 1, 'Miscelânea', 1976),
(254, 'Novelas Paulistanas', 1, 'Romance e Novela', 1961),
(255, 'Numa e a Ninfa', 1, 'Romance e Novela', 1915),
(256, 'O Alienista', 1, 'Conto', 1941),
(257, 'O Anjo das donzelas', 1, 'Conto', 1864),
(258, 'O Anjo Rafael', 1, 'Conto', 1869),
(259, 'O Astrólogo', 1, 'Conto', 1876),
(260, 'O Ateneu', 1, 'Romance e Novela', 1888),
(261, 'O Badejo', 1, 'Teatro', 1898),
(262, 'O Barão de Pituaçu', 1, 'Teatro', 0),
(263, 'O Bilontra', 1, 'Teatro', 1886),
(264, 'O Bilontra', 1, 'Teatro', 1886),
(265, 'O Bote de Rapé', 1, 'Teatro', 1878),
(266, 'O Brasil anedótico', 1, 'Miscelânea', 1927),
(267, 'O Brasil social e outros estudos sociológicos', 1, 'Outros', 2001),
(268, 'O Cabeleira', 1, 'Romance e Novela', 1876),
(269, 'O Califa da Rua do Sabão', 1, 'Teatro', 1880),
(270, 'O Califa de platina', 1, 'Conto', 1878),
(271, 'O Caminho da Porta', 1, 'Teatro', 0),
(272, 'O Caminho de Damasco', 1, 'Conto', 1871),
(273, 'O Capitão Mendonça', 1, 'Conto', 1870),
(274, 'O Carro nº 13', 1, 'Conto', 1868),
(275, 'O Caso Barreto', 1, 'Conto', 1892),
(276, 'O Caso da viúva', 1, 'Conto', 1881),
(277, 'O Cortiço', 1, 'Romance e Novela', 1890),
(278, 'O Coruja', 1, 'Romance e Novela', 1890),
(279, 'O Crédito', 1, 'Teatro', 1896),
(280, 'O Defeito de Família.', 1, 'Teatro', 1871),
(281, 'O Demônio Familiar', 1, 'Teatro', 1858),
(282, 'O Desertor', 1, 'Poesia', 1774),
(283, 'O Dialeto Caipira', 1, 'Outros', 1920),
(284, 'O Diletante', 1, 'Teatro', 1846),
(285, 'O Dote', 1, 'Teatro', 1907),
(286, 'O Elixir do pajé', 1, 'Poesia', 1875),
(287, 'O Entrudo', 1, 'Poesia', 1840),
(288, 'O Ermitão da Glória', 1, 'Romance e Novela', 1873),
(289, 'O Ermitão de Muquém', 1, 'Romance e Novela', 1858),
(290, 'O Escravocrata', 1, 'Teatro', 1884),
(291, 'O Escrivão Coimbra', 1, 'Conto', 1906),
(292, 'O Esqueleto', 1, 'Romance e Novela', 1890),
(293, 'O Esqueleto', 1, 'Romance e Novela', 1890),
(294, 'O Garatuja', 1, 'Romance e Novela', 1873),
(295, 'O Garimpeiro', 1, 'Romance e Novela', 1872),
(296, 'O Gaúcho', 1, 'Romance e Novela', 1870),
(297, 'O Guarani', 1, 'Romance e Novela', 1857),
(298, 'O Homem', 1, 'Teatro', 1888),
(299, 'O Homem', 1, 'Teatro', 1888),
(300, 'O Homem', 1, 'Romance e Novela', 1887),
(301, 'O Hóspede', 1, 'Romance e Novela', 1887),
(302, 'O Japão', 1, 'Outros', 1984),
(303, 'O Judas em Sábado de Aleluia', 1, 'Teatro', 1845),
(304, 'O Juiz de Paz da Roça', 1, 'Teatro', 1842),
(305, 'O Liberato', 1, 'Teatro', 1888),
(306, 'O Mambembe', 1, 'Teatro', 1904),
(307, 'O Matuto', 1, 'Romance e Novela', 1878),
(308, 'O Missionário', 1, 'Romance e Novela', 1891),
(309, 'O Moço Loiro', 1, 'Romance e Novela', 1845),
(310, 'O Momento Literário', 1, 'Crítica, teoria e história literárias', 1905),
(311, 'O Monstro e outros Contos', 1, 'Conto', 1932),
(312, 'O Mulato', 1, 'Romance e Novela', 1881),
(313, 'O Namorador', 1, 'Teatro', 0),
(314, 'O Noviço', 1, 'Teatro', 1853),
(315, 'O Oráculo', 1, 'Conto', 1866),
(316, 'O Pai', 1, 'Conto', 1866),
(317, 'O País das quimeras', 1, 'Conto', 1862),
(318, 'O Parnaso Obsequioso', 1, 'Poesia', 1931),
(319, 'O Passado, passado', 1, 'Conto', 1876),
(320, 'O Piolho viajante', 1, 'Romance e Novela', 1802),
(321, 'O Primo da Califórnia', 1, 'Teatro', 1858),
(322, 'O Príncipe de Nassau', 1, 'Romance e Novela', 1925),
(323, 'O Protocolo', 1, 'Teatro', 0),
(324, 'O que é o casamento?', 1, 'Teatro', 0),
(325, 'O que eu vi, o que nós veremos', 1, 'Outros', 1918),
(326, 'O que são as moças', 1, 'Conto', 1866),
(327, 'O Rei dos caiporas', 1, 'Conto', 1870),
(328, 'O Rio de Janeiro em 1877', 1, 'Teatro', 1878),
(329, 'O Romance da prata', 1, 'Romance e Novela', 1935),
(330, 'O Sacrifício', 1, 'Romance e Novela', 1879),
(331, 'O Sapateiro Silva', 1, 'Poesia', 1983),
(332, 'O Seminarista', 1, 'Miscelânea', 1987),
(333, 'O Sertanejo', 1, 'Romance e Novela', 1875),
(334, 'O Sonho das esmeraldas', 1, 'Romance e Novela', 1935),
(335, 'O Subterrâneo do Morro do Castelo', 1, 'Romance e Novela', 1905),
(336, 'O Tipo Brasileiro', 1, 'Teatro', 1872),
(337, 'O Touro Negro', 1, 'Miscelânea', 1938),
(338, 'O Tribofe', 1, 'Teatro', 1986),
(339, 'O Último dia de um poeta', 1, 'Conto', 1867),
(340, 'O Último dos Maçaricos', 1, 'Tradução', 1958),
(341, 'O Uraguai', 1, 'Poesia', 1769),
(342, 'O Vaqueano', 1, 'Romance e Novela', 1872),
(343, 'Obra Completa', 1, 'Poesia', 1994),
(344, 'Obra completa', 1, 'Miscelânea', 1961),
(345, 'Obra completa de Euclides da Cunha', 1, 'Miscelânea', 1966),
(346, 'Obra Reunida', 1, 'Miscelânea', 1980),
(347, 'Obras', 1, 'Poesia', 1768),
(348, 'Obras Completas', 1, 'Miscelânea', 1942),
(349, 'Obras Completas', 1, 'Miscelânea', 1955),
(350, 'Obras Poéticas', 1, 'Poesia', 1882),
(351, 'Obras Poéticas', 1, 'Poesia', 1944),
(352, 'Obras poéticas', 1, 'Poesia', 1956),
(353, 'Obras seletas', 1, 'Miscelânea', 1952),
(354, 'Ocidentais', 1, 'Poesia', 1901),
(355, 'Ode a Vasco da Gama', 1, 'Poesia', 1809),
(356, 'Ode ao Conde da Cunha. Primeiro Vice-Rei do Estado do Brasil, com assento no Rio de Janeiro', 1, 'Poesia', 1769),
(357, 'Ode ao Rei D. José I', 1, 'Poesia', 1809),
(358, 'Onda', 1, 'Conto', 1867),
(359, 'Ondas', 1, 'Poesia', 1927),
(360, 'Onze anos depois', 1, 'Conto', 1875),
(361, 'Oração aos Moços', 1, 'Discursos e sermões (textos doutrinários e moralizantes)', 1921),
(362, 'Orai por ele', 1, 'Conto', 1895),
(363, 'Os Bruzundangas', 1, 'Crônicas e textos humorísticos', 1922),
(364, 'Os Campos Elíseos', 1, 'Poesia', 1776),
(365, 'Os Ciúmes de Um Pedestre', 1, 'Teatro', 0),
(366, 'Os Deuses de casaca', 1, 'Teatro', 1866),
(367, 'Os Dois', 1, 'Teatro', 1871),
(368, 'Os Dois Amores', 1, 'Romance e Novela', 1848),
(369, 'Os Escravos', 1, 'Poesia', 1883),
(370, 'Os Irmãos das Almas', 1, 'Teatro', 1847),
(371, 'Os Irmãos Leme', 1, 'Romance e Novela', 1933),
(372, 'Os Lobisomens', 1, 'Teatro', 1863),
(373, 'Os Noivos', 1, 'Teatro', 1880),
(374, 'Os Óculos de Pedro Antão', 1, 'Conto', 1874),
(375, 'Os Retirantes', 1, 'Romance e Novela', 1879),
(376, 'Os Sertões', 1, 'Outros', 1902),
(377, 'Os Timbiras', 1, 'Poesia', 1857),
(378, 'Os Vícios', 1, 'Poesia', 1813),
(379, 'Outras relíquias', 1, 'Miscelânea', 1908),
(380, 'Outros Contos', 1, 'Conto', 1959),
(381, 'Ovidianas', 1, 'Poesia', 1910),
(382, 'Páginas Recolhidas', 1, 'Conto', 1899),
(383, 'Papéis avulsos', 1, 'Conto', 1882),
(384, 'Patkull', 1, 'Teatro', 1843),
(385, 'Paulo', 1, 'Romance e Novela', 1861),
(386, 'Pelo Sertão', 1, 'Conto', 1898),
(387, 'Peru Versus Bolívia', 1, 'Outros', 1907),
(388, 'Pobre Cardeal!', 1, 'Conto', 1886),
(389, 'Pobre Finoca!', 1, 'Conto', 1891),
(390, 'Poema Mariano', 1, 'Poesia', 1854),
(391, 'Poesia Erótica e Satírica', 1, 'Poesia', 1992),
(392, 'Poesias', 1, 'Poesia', 1902),
(393, 'Poesias', 1, 'Poesia', 1888),
(394, 'Poesias', 1, 'Poesia', 1865),
(395, 'Poesias', 1, 'Tradução', 1827),
(396, 'Poesias Completas', 1, 'Poesia', 1963),
(397, 'Poesias Completas', 1, 'Poesia', 1959),
(398, 'Poesias de Manuel Antônio Álvares de Azevedo', 1, 'Poesia', 1853),
(399, 'Poesias Manuscritas', 1, 'Poesia', 1895),
(400, 'Possível e impossível', 1, 'Conto', 1867),
(401, 'Primeiras Trovas Burlescas de Getulino', 1, 'Poesia', 1859),
(402, 'Primeiros Cantos', 1, 'Poesia', 1846),
(403, 'Prosopopéia dirigida a Jorge de Albuquerque Coelho, Capitão e Governador de Pernambuco, Nova Lusitân', 1, 'Poesia', 1601),
(404, 'Qual dos dois', 1, 'Conto', 1872),
(405, 'Quase ministro', 1, 'Teatro', 1862),
(406, 'Quem Casa Quer Casa', 1, 'Teatro', 1847),
(407, 'Quem conta um conto...', 1, 'Conto', 1873),
(408, 'Quem não quer ser lobo', 1, 'Conto', 1872),
(409, 'Questão de vaidade', 1, 'Conto', 1864),
(410, 'Quincas Borba', 1, 'Romance e Novela', 1886),
(411, 'Quitubia', 1, 'Poesia', 1791),
(412, 'Recordações do Escrivão Isaías Caminha', 1, 'Romance e Novela', 1907),
(413, 'Relação do Piloto Anônimo', 1, 'Literatura de viagens e informativa', 1507),
(414, 'Relíquias de Casa Velha', 1, 'Conto', 1906),
(415, 'Remissão de pecados', 1, 'Teatro', 1870),
(416, 'Ressurreição', 1, 'Romance e Novela', 1872),
(417, 'Résumé de l''Histoire Littéraire du Portugal, suivi du Résumé de l''histoire Littéraire du Brésil', 1, 'Crítica, teoria e história literárias', 1826),
(418, 'Romance de uma velha', 1, 'Teatro', 1869),
(419, 'Ruy de Leão', 1, 'Conto', 1872),
(420, 'Segundos Cantos e Sextilhas de Frei Antão', 1, 'Poesia', 1848),
(421, 'Senhora', 1, 'Romance e Novela', 1875),
(422, 'Sermões', 1, 'Discursos e sermões (textos doutrinários e moralizantes)', 1679),
(423, 'Silvestre', 1, 'Conto', 1877),
(424, 'Sonetos Inéditos', 1, 'Poesia', 1925),
(425, 'Sonhos d''Ouro', 1, 'Romance e Novela', 1872),
(426, 'Suspiros Poéticos e Saudades', 1, 'Poesia', 1836),
(427, 'Tarde', 1, 'Poesia', 1919),
(428, 'Teatro Cômico Português, ou Coleção das Óperas Portuguesas', 1, 'Teatro', 1787),
(429, 'Teatro Completo', 1, 'Teatro', 1980),
(430, 'Teatro de França Júnior', 1, 'Teatro', 1980),
(431, 'Tentação', 1, 'Romance e Novela', 1896),
(432, 'Terpsícore', 1, 'Conto', 1886),
(433, 'The Guarany', 1, 'Romance e Novela', 1893),
(434, 'Til', 1, 'Romance e Novela', 1872),
(435, 'Tipos da Atualidade', 1, 'Teatro', 0),
(436, 'To be or not to be', 1, 'Conto', 1876),
(437, 'Tratado da Terra do Brasil', 1, 'Literatura de viagens e informativa', 1826),
(438, 'Tratado de Versificação', 1, 'Crítica, teoria e história literárias', 1905),
(439, 'Tratado de Versificação', 1, 'Crítica, teoria e história literárias', 1905),
(440, 'Três tesouros perdidos', 1, 'Conto', 1858),
(441, 'Trina e una', 1, 'Conto', 1884),
(442, 'Triste Fim de Policarpo Quaresma', 1, 'Romance e Novela', 1911),
(443, 'Trovas', 1, 'Poesia', 1644),
(444, 'Tu, só tu, puro amor', 1, 'Teatro', 1881),
(445, 'Turbilhão', 1, 'Romance e Novela', 1906),
(446, 'Ubirajara', 1, 'Romance e Novela', 1874),
(447, 'Últimos Cantos', 1, 'Poesia', 1851),
(448, 'Últimos sonetos', 1, 'Poesia', 1905),
(449, 'Um almoço', 1, 'Conto', 1877),
(450, 'Um ambicioso', 1, 'Conto', 1877),
(451, 'Um cão de lata ao rabo', 1, 'Conto', 1878),
(452, 'Um dia de entrudo', 1, 'Conto', 1874),
(453, 'Um homem superior', 1, 'Conto', 1873),
(454, 'Um quarto de século', 1, 'Conto', 1893),
(455, 'Um Sarau no Pátio de São Cristóvão', 1, 'Teatro', 1926),
(456, 'Um sonho e outro sonho', 1, 'Conto', 1892),
(457, 'Uma águia sem asas', 1, 'Conto', 1872),
(458, 'Uma lágrima de Mulher', 1, 'Romance e Novela', 1879),
(459, 'Uma loureira', 1, 'Conto', 1872),
(460, 'Uma partida', 1, 'Conto', 1892),
(461, 'Uma Pupila Rica', 1, 'Teatro', 1995),
(462, 'Uma Tragédia no Amazonas', 1, 'Romance e Novela', 1880),
(463, 'Uma Véspera de Reis', 1, 'Teatro', 1876),
(464, 'Valério', 1, 'Conto', 1874),
(465, 'Várias Histórias', 1, 'Conto', 1896),
(466, 'Verso e Reverso', 1, 'Teatro', 1857),
(467, 'Viagem ao Parnaso', 1, 'Teatro', 0),
(468, 'Vida Urbana', 1, 'Crônicas e textos humorísticos', 1953),
(469, 'Vila Rica', 1, 'Poesia', 1839);

INSERT INTO `usuario` (`id`, `nome`, `email`, `login`, `senha`, `privilegio`, `endereco`, `cidade`, `estado`, `telefone`) VALUES (1, 'Claudio Esperança', 'esperanc@nowhere.com', 'esperanc', 'esJOvVsqlwfL6', 'M', 'R tal numero 11', 'Rio de Janeiro', 'RJ', '21122122'),
(2, 'Administrador Principal', 'admin@bibliotecacederj.com.br', 'admin', 'adpexzg3FUZAk', 'A', '-', 'Rio de Janeiro', 'RJ', '');
